title,title_detail,links,link,summary,summary_detail,id,guidislink,published,published_parsed
"Diese Software soll der Luzerner Polizei helfen, Verbrechen vorauszusehen","{'type': 'text/plain', 'language': None, 'base': 'https://partner-feeds.20min.ch/rss/20minuten/zentralschweiz', 'value': 'Diese Software soll der Luzerner Polizei helfen, Verbrechen vorauszusehen'}","[{'rel': 'alternate', 'type': 'text/html', 'href': 'https://www.20min.ch/289491498116'}, {'type': 'image/jpeg', 'href': 'https://cdn.unitycms.io/images/D_ljYFfwa19BohvnzwTx-b.jpg?op=ocroped&val=400,400,1000,1000,0,0&sum=OxrM2jjIxKM', 'rel': 'enclosure'}]",https://www.20min.ch/289491498116,"Predictive Policing ist das Schlagwort der (Polizei-)Stunde. Die Polizei wird vor Verbrechen gewarnt, bevor sie überhaupt begangen wurden. Möglich macht das eine Software, die Luzern nun einsetzen will.","{'type': 'text/html', 'language': None, 'base': 'https://partner-feeds.20min.ch/rss/20minuten/zentralschweiz', 'value': 'Predictive Policing ist das Schlagwort der (Polizei-)Stunde. Die Polizei wird vor Verbrechen gewarnt, bevor sie überhaupt begangen wurden. Möglich macht das eine Software, die Luzern nun einsetzen will.'}",https://www.20min.ch/story/diese-software-soll-der-luzerner-polizei-helfen-verbrechen-vorauszusehen-289491498116,False,2022-05-04 02:54:29+00:00,"time.struct_time(tm_year=2022, tm_mon=5, tm_mday=4, tm_hour=2, tm_min=54, tm_sec=29, tm_wday=2, tm_yday=124, tm_isdst=0)"
Autofahrer (55) bremst fahrunfähig mehrere Fahrzeuge aus – zwei Raser festgenommen,"{'type': 'text/plain', 'language': None, 'base': 'https://partner-feeds.20min.ch/rss/20minuten/zentralschweiz', 'value': 'Autofahrer (55) bremst fahrunfähig mehrere Fahrzeuge aus – zwei Raser festgenommen'}","[{'rel': 'alternate', 'type': 'text/html', 'href': 'https://www.20min.ch/489523312923'}, {'type': 'image/jpeg', 'href': 'https://cdn.unitycms.io/images/DHlcL2u1ade84hQEkKwMSP.jpg?op=ocroped&val=400,400,700,1000,0,121&sum=U_fVO0aeWDA', 'rel': 'enclosure'}]",https://www.20min.ch/489523312923,"Die Luzerner Polizei verhaftete in den letzten Tagen vorübergehend drei Autofahrer. Zwei waren so viel zu schnell, dass sie als Raser gelten, einer bremste auf der Autobahn mehrere andere Autofahrer aus.","{'type': 'text/html', 'language': None, 'base': 'https://partner-feeds.20min.ch/rss/20minuten/zentralschweiz', 'value': 'Die Luzerner Polizei verhaftete in den letzten Tagen vorübergehend drei Autofahrer. Zwei waren so viel zu schnell, dass sie als Raser gelten, einer bremste auf der Autobahn mehrere andere Autofahrer aus.'}",https://www.20min.ch/story/autofahrer-55-bremst-fahrunfaehig-mehrere-fahrzeuge-aus-zwei-raser-festgenommen-489523312923,False,2022-05-03 08:42:14+00:00,"time.struct_time(tm_year=2022, tm_mon=5, tm_mday=3, tm_hour=8, tm_min=42, tm_sec=14, tm_wday=1, tm_yday=123, tm_isdst=0)"
Es mangelt an Interessenten für Immobilien auf dem Bürgenstock,"{'type': 'text/plain', 'language': None, 'base': 'https://partner-feeds.20min.ch/rss/20minuten/zentralschweiz', 'value': 'Es mangelt an Interessenten für Immobilien auf dem Bürgenstock'}","[{'rel': 'alternate', 'type': 'text/html', 'href': 'https://www.20min.ch/424914714985'}, {'type': 'image/jpeg', 'href': 'https://cdn.unitycms.io/images/5x_Z6smUqvC87iqS1mWASm.jpg?op=ocroped&val=400,400,1000,1000,0,0&sum=kiJBoKr6Zr4', 'rel': 'enclosure'}]",https://www.20min.ch/424914714985,"Neu gebaute Wohnungen und Villen auf dem Bürgenstock stehen seit Jahren leer. Verkaufsstart aller 67 Residences werde erst erfolgen, wenn «alle Vorbereitungen» beendet seien. Einen Termin gibt es nicht.","{'type': 'text/html', 'language': None, 'base': 'https://partner-feeds.20min.ch/rss/20minuten/zentralschweiz', 'value': 'Neu gebaute Wohnungen und Villen auf dem Bürgenstock stehen seit Jahren leer. Verkaufsstart aller 67 Residences werde erst erfolgen, wenn «alle Vorbereitungen» beendet seien. Einen Termin gibt es nicht.'}",https://www.20min.ch/story/es-mangelt-an-interessenten-fuer-immobilien-auf-dem-buergenstock-424914714985,False,2022-05-02 19:48:46+00:00,"time.struct_time(tm_year=2022, tm_mon=5, tm_mday=2, tm_hour=19, tm_min=48, tm_sec=46, tm_wday=0, tm_yday=122, tm_isdst=0)"
So haben die Einsatzkräfte die Zuger Meisternacht erlebt,"{'type': 'text/plain', 'language': None, 'base': 'https://partner-feeds.20min.ch/rss/20minuten/zentralschweiz', 'value': 'So haben die Einsatzkräfte die Zuger Meisternacht erlebt'}","[{'rel': 'alternate', 'type': 'text/html', 'href': 'https://www.20min.ch/489822661522'}, {'type': 'image/jpeg', 'href': 'https://cdn.unitycms.io/images/EAGkkJYY4w_9jxYfaw9joA.jpg?op=ocroped&val=400,400,1000,1000,0,0&sum=SZsmSljRpcM', 'rel': 'enclosure'}]",https://www.20min.ch/489822661522,Der EVZ hat die Serie gedreht und ist erneut Schweizer Eishockeymeister. Über 6000 Zuger feierten auf dem Arenaplatz. Nicht mitfeiern durften Polizei- und Reinigungskräfte und trotzdem waren sie mittendrin im Trubel. So haben sie die Meisternacht erlebt.,"{'type': 'text/html', 'language': None, 'base': 'https://partner-feeds.20min.ch/rss/20minuten/zentralschweiz', 'value': 'Der EVZ hat die Serie gedreht und ist erneut Schweizer Eishockeymeister. Über 6000 Zuger feierten auf dem Arenaplatz. Nicht mitfeiern durften Polizei- und Reinigungskräfte und trotzdem waren sie mittendrin im Trubel. So haben sie die Meisternacht erlebt.'}",https://www.20min.ch/story/so-haben-die-einsatzkraefte-die-zuger-meisternacht-erlebt-489822661522,False,2022-05-02 17:45:54+00:00,"time.struct_time(tm_year=2022, tm_mon=5, tm_mday=2, tm_hour=17, tm_min=45, tm_sec=54, tm_wday=0, tm_yday=122, tm_isdst=0)"
Warum der Kanton Luzern jetzt wieder auf Ampeln statt Kreisel setzt,"{'type': 'text/plain', 'language': None, 'base': 'https://partner-feeds.20min.ch/rss/20minuten/zentralschweiz', 'value': 'Warum der Kanton Luzern jetzt wieder auf Ampeln statt Kreisel setzt'}","[{'rel': 'alternate', 'type': 'text/html', 'href': 'https://www.20min.ch/822583307055'}, {'type': 'image/jpeg', 'href': 'https://cdn.unitycms.io/images/4DN-SqNAKkpBaA4lGBCW3q.jpg?op=ocroped&val=400,400,1000,1000,0,0&sum=WG3ucS4cVcQ', 'rel': 'enclosure'}]",https://www.20min.ch/822583307055,"Lange galten sie als die Lösung der Schweizer Verkehrsprobleme: Kreisel. Um das Verkehrschaos im Kanton Luzern in den Griff zu bekommen, sollen Kreisel jetzt allerdings wieder zurückgebaut und durch Kreuzungen mit Ampeln ersetzt werden.","{'type': 'text/html', 'language': None, 'base': 'https://partner-feeds.20min.ch/rss/20minuten/zentralschweiz', 'value': 'Lange galten sie als die Lösung der Schweizer Verkehrsprobleme: Kreisel. Um das Verkehrschaos im Kanton Luzern in den Griff zu bekommen, sollen Kreisel jetzt allerdings wieder zurückgebaut und durch Kreuzungen mit Ampeln ersetzt werden.'}",https://www.20min.ch/story/warum-der-kanton-luzern-jetzt-wieder-auf-ampeln-statt-kreisel-setzt-822583307055,False,2022-05-02 03:06:41+00:00,"time.struct_time(tm_year=2022, tm_mon=5, tm_mday=2, tm_hour=3, tm_min=6, tm_sec=41, tm_wday=0, tm_yday=122, tm_isdst=0)"
Wie diese Katzen-Accessoires Tausenden Wildtieren das Leben retten,"{'type': 'text/plain', 'language': None, 'base': 'https://partner-feeds.20min.ch/rss/20minuten/zentralschweiz', 'value': 'Wie diese Katzen-Accessoires Tausenden Wildtieren das Leben retten'}","[{'rel': 'alternate', 'type': 'text/html', 'href': 'https://www.20min.ch/509897035395'}, {'type': 'image/jpeg', 'href': 'https://cdn.unitycms.io/images/ADEyJ0GCKICA35gBxMaqZ1.jpg?op=ocroped&val=400,400,1000,1000,0,0&sum=_uAAEu8OPmo', 'rel': 'enclosure'}]",https://www.20min.ch/509897035395,"Katzen gelten als eines der Hauptprobleme des fortschreitenden Vogelsterbens. Wie die Vogelwarte Sempach jetzt aufzeigt, kann das aber überraschend einfach reduziert werden. Allein durch eine bunte Halskrause tötet eine Katze 37 Prozent weniger Vögel.","{'type': 'text/html', 'language': None, 'base': 'https://partner-feeds.20min.ch/rss/20minuten/zentralschweiz', 'value': 'Katzen gelten als eines der Hauptprobleme des fortschreitenden Vogelsterbens. Wie die Vogelwarte Sempach jetzt aufzeigt, kann das aber überraschend einfach reduziert werden. Allein durch eine bunte Halskrause tötet eine Katze 37 Prozent weniger Vögel.'}",https://www.20min.ch/story/wie-diese-katzen-accessoires-tausenden-wildtieren-das-leben-retten-509897035395,False,2022-05-01 19:31:14+00:00,"time.struct_time(tm_year=2022, tm_mon=5, tm_mday=1, tm_hour=19, tm_min=31, tm_sec=14, tm_wday=6, tm_yday=121, tm_isdst=0)"
Nach diesem Luzern-Hammer ist Lausanne auf halbem Weg in die Challenge League,"{'type': 'text/plain', 'language': None, 'base': 'https://partner-feeds.20min.ch/rss/20minuten/zentralschweiz', 'value': 'Nach diesem Luzern-Hammer ist Lausanne auf halbem Weg in die Challenge League'}","[{'rel': 'alternate', 'type': 'text/html', 'href': 'https://www.20min.ch/485940952224'}, {'type': 'image/jpeg', 'href': 'https://cdn.unitycms.io/images/Bl35j2Xu4ec8-GrqKl9pL_.jpg?op=ocroped&val=400,400,957,807,116,27&sum=oEduuLuJdYU', 'rel': 'enclosure'}]",https://www.20min.ch/485940952224,3:0 fertig der Zweitletzte Luzern Schlusslicht Lausanne ab. Für die Waadtländer bedeutet dies der fast sichere direkte Abstieg. Und Luzern? Die erfreuen sich eines sehenswerten Tores. Alle Tore und Highlights jetzt im Video.,"{'type': 'text/html', 'language': None, 'base': 'https://partner-feeds.20min.ch/rss/20minuten/zentralschweiz', 'value': '3:0 fertig der Zweitletzte Luzern Schlusslicht Lausanne ab. Für die Waadtländer bedeutet dies der fast sichere direkte Abstieg. Und Luzern? Die erfreuen sich eines sehenswerten Tores. Alle Tore und Highlights jetzt im Video.'}",https://www.20min.ch/video/nach-diesem-luzern-hammer-ist-lausanne-auf-halbem-weg-in-die-challenge-league-485940952224,False,2022-05-01 18:10:51+00:00,"time.struct_time(tm_year=2022, tm_mon=5, tm_mday=1, tm_hour=18, tm_min=10, tm_sec=51, tm_wday=6, tm_yday=121, tm_isdst=0)"
Lausanne-Ouchy patzt doppelt – Kriens gewinnt wieder,"{'type': 'text/plain', 'language': None, 'base': 'https://partner-feeds.20min.ch/rss/20minuten/zentralschweiz', 'value': 'Lausanne-Ouchy patzt doppelt – Kriens gewinnt wieder'}","[{'rel': 'alternate', 'type': 'text/html', 'href': 'https://www.20min.ch/156777871802'}, {'type': 'image/jpeg', 'href': 'https://cdn.unitycms.io/images/6OxDGO2c4Be99QzAAd1jRM.png?op=ocroped&val=400,400,862,742,111,60&sum=HfFqzykDMog', 'rel': 'enclosure'}]",https://www.20min.ch/156777871802,Um viel ging es nicht mehr in der Partie zwischen Kriens und Lausanne-Ouchy. Für die Krienser gab es aber mal wieder einen Sieg – auch weil Lausanne-Ouchy in der Verteidigung zwei Mal patzte. Alle Tore und Highlights im Video.,"{'type': 'text/html', 'language': None, 'base': 'https://partner-feeds.20min.ch/rss/20minuten/zentralschweiz', 'value': 'Um viel ging es nicht mehr in der Partie zwischen Kriens und Lausanne-Ouchy. Für die Krienser gab es aber mal wieder einen Sieg – auch weil Lausanne-Ouchy in der Verteidigung zwei Mal patzte. Alle Tore und Highlights im Video.'}",https://www.20min.ch/video/lausanne-ouchy-patzt-doppelt-kriens-gewinnt-wieder-156777871802,False,2022-04-30 21:38:16+00:00,"time.struct_time(tm_year=2022, tm_mon=4, tm_mday=30, tm_hour=21, tm_min=38, tm_sec=16, tm_wday=5, tm_yday=120, tm_isdst=0)"
Auto prallt in zwei Fahrzeuge und überschlägt sich mehrmals,"{'type': 'text/plain', 'language': None, 'base': 'https://partner-feeds.20min.ch/rss/20minuten/zentralschweiz', 'value': 'Auto prallt in zwei Fahrzeuge und überschlägt sich mehrmals'}","[{'rel': 'alternate', 'type': 'text/html', 'href': 'https://www.20min.ch/584904851033'}, {'type': 'image/jpeg', 'href': 'https://cdn.unitycms.io/images/4NA6ZPiDaOn8qIAWzl0QnH.jpg?op=ocroped&val=400,400,1000,1000,0,0&sum=9yIBPdTKZXY', 'rel': 'enclosure'}]",https://www.20min.ch/584904851033,Eine seitliche Kollision führte am Samstag im Kanton Nidwalden zu einem spektakulären Unfall. Eine Person wurde dabei verletzt.,"{'type': 'text/html', 'language': None, 'base': 'https://partner-feeds.20min.ch/rss/20minuten/zentralschweiz', 'value': 'Eine seitliche Kollision führte am Samstag im Kanton Nidwalden zu einem spektakulären Unfall. Eine Person wurde dabei verletzt.'}",https://www.20min.ch/story/auto-prallt-in-zwei-fahrzeuge-und-ueberschlaegt-sich-mehrmals-584904851033,False,2022-04-30 17:15:48+00:00,"time.struct_time(tm_year=2022, tm_mon=4, tm_mday=30, tm_hour=17, tm_min=15, tm_sec=48, tm_wday=5, tm_yday=120, tm_isdst=0)"
Ausgebüxtes Rind verletzt Frau schwer und schleift Mann 20 Meter mit,"{'type': 'text/plain', 'language': None, 'base': 'https://partner-feeds.20min.ch/rss/20minuten/zentralschweiz', 'value': 'Ausgebüxtes Rind verletzt Frau schwer und schleift Mann 20 Meter mit'}","[{'rel': 'alternate', 'type': 'text/html', 'href': 'https://www.20min.ch/332326212588'}, {'type': 'image/jpeg', 'href': 'https://cdn.unitycms.io/images/DzDk372xaRM94mGc7vnebn.jpg?op=ocroped&val=400,400,768,629,143,61&sum=SWUurRXno2o', 'rel': 'enclosure'}]",https://www.20min.ch/332326212588,Bei einem Anlass auf dem Braunviehzuchtareal in der Stadt Zug ist ein Rind ausgebüxt und liess sich nicht wieder unter Kontrolle bringen. Eine Frau wurde vom Tier überrannt und musste mit der Rega in ein ausserkantonales Spital geflogen werden.,"{'type': 'text/html', 'language': None, 'base': 'https://partner-feeds.20min.ch/rss/20minuten/zentralschweiz', 'value': 'Bei einem Anlass auf dem Braunviehzuchtareal in der Stadt Zug ist ein Rind ausgebüxt und liess sich nicht wieder unter Kontrolle bringen. Eine Frau wurde vom Tier überrannt und musste mit der Rega in ein ausserkantonales Spital geflogen werden.'}",https://www.20min.ch/story/ausgebuextes-rind-verletzt-frau-schwer-und-schleift-mann-20-meter-mit-332326212588,False,2022-04-30 12:40:03+00:00,"time.struct_time(tm_year=2022, tm_mon=4, tm_mday=30, tm_hour=12, tm_min=40, tm_sec=3, tm_wday=5, tm_yday=120, tm_isdst=0)"
Mall of Switzerland erhält mit Multi aus den Niederlanden neuen Betreiber,"{'type': 'text/plain', 'language': None, 'base': 'https://partner-feeds.20min.ch/rss/20minuten/zentralschweiz', 'value': 'Mall of Switzerland erhält mit Multi aus den Niederlanden neuen Betreiber'}","[{'rel': 'alternate', 'type': 'text/html', 'href': 'https://www.20min.ch/237857890371'}, {'type': 'image/jpeg', 'href': 'https://cdn.unitycms.io/images/9_jTcYSk4Zw9ix3plmjy9R.jpg?op=ocroped&val=400,400,1000,1000,0,0&sum=4z-WfwNkQos', 'rel': 'enclosure'}]",https://www.20min.ch/237857890371,In der Mall of Switzerland wird ein neues Kapitel aufgeschlagen. La Société Générale Immobilière Suisse mit Sitz in Genf gibt den Betrieb per 1. Juni an die Multi Corporation aus den Niederlanden ab. Damit soll die Mall von der Erfahrung und dem Netzwerk von Multi profitieren.,"{'type': 'text/html', 'language': None, 'base': 'https://partner-feeds.20min.ch/rss/20minuten/zentralschweiz', 'value': 'In der Mall of Switzerland wird ein neues Kapitel aufgeschlagen.\xa0La Société Générale Immobilière Suisse mit Sitz in Genf gibt den Betrieb per 1. Juni an die Multi Corporation aus den Niederlanden ab. Damit soll die Mall von der Erfahrung und dem Netzwerk von Multi profitieren.'}",https://www.20min.ch/story/mall-of-switzerland-237857890371,False,2022-04-29 10:53:35+00:00,"time.struct_time(tm_year=2022, tm_mon=4, tm_mday=29, tm_hour=10, tm_min=53, tm_sec=35, tm_wday=4, tm_yday=119, tm_isdst=0)"
Auto erfasst Mädchen (7) auf Velo und schleppt es 20 Meter weit,"{'type': 'text/plain', 'language': None, 'base': 'https://partner-feeds.20min.ch/rss/20minuten/zentralschweiz', 'value': 'Auto erfasst Mädchen (7) auf Velo und schleppt es 20 Meter weit'}","[{'rel': 'alternate', 'type': 'text/html', 'href': 'https://www.20min.ch/886905723992'}, {'type': 'image/jpeg', 'href': 'https://cdn.unitycms.io/images/CKAEg1AKq4n9nc2YMA_hVh.jpg?op=ocroped&val=400,400,1000,1000,0,0&sum=pqJt-aNc4jc', 'rel': 'enclosure'}]",https://www.20min.ch/886905723992,Der Autofahrer und das Mädchen auf dem Kindervelo kollidierten im Kreisverkehr. Es musste mit erheblichen Beinverletzungen ins Spital eingeliefert werden.,"{'type': 'text/html', 'language': None, 'base': 'https://partner-feeds.20min.ch/rss/20minuten/zentralschweiz', 'value': 'Der Autofahrer und das Mädchen auf dem Kindervelo kollidierten im Kreisverkehr. Es musste mit erheblichen Beinverletzungen ins Spital eingeliefert werden.'}",https://www.20min.ch/story/auto-erfasst-velofahrendes-maedchen-7-und-schleppt-es-20-meter-weit-886905723992,False,2022-04-29 07:19:46+00:00,"time.struct_time(tm_year=2022, tm_mon=4, tm_mday=29, tm_hour=7, tm_min=19, tm_sec=46, tm_wday=4, tm_yday=119, tm_isdst=0)"
Kind (5) stirbt nach Kollision mit Baustellenfahrzeug,"{'type': 'text/plain', 'language': None, 'base': 'https://partner-feeds.20min.ch/rss/20minuten/zentralschweiz', 'value': 'Kind (5) stirbt nach Kollision mit Baustellenfahrzeug'}","[{'rel': 'alternate', 'type': 'text/html', 'href': 'https://www.20min.ch/858506597221'}, {'type': 'image/jpeg', 'href': 'https://cdn.unitycms.io/images/1FlYFBAN4emBsgMxufEE76.jpg?op=ocroped&val=400,400,1000,1000,0,0&sum=0k69I3JoUNE', 'rel': 'enclosure'}]",https://www.20min.ch/858506597221,Am Donnerstagvormittag ist es in Horw zu einem tödlichen Verkehrsunfall gekommen. Die genaue Unfallursache ist noch nicht bekannt.,"{'type': 'text/html', 'language': None, 'base': 'https://partner-feeds.20min.ch/rss/20minuten/zentralschweiz', 'value': 'Am Donnerstagvormittag ist es in Horw zu einem tödlichen Verkehrsunfall gekommen. Die genaue Unfallursache ist noch nicht bekannt.'}",https://www.20min.ch/story/kind-5-stirbt-bei-kollision-mit-baustellenfahrzeug-858506597221,False,2022-04-28 13:45:36+00:00,"time.struct_time(tm_year=2022, tm_mon=4, tm_mday=28, tm_hour=13, tm_min=45, tm_sec=36, tm_wday=3, tm_yday=118, tm_isdst=0)"
Exhumierungen werden wegen schlechter Verwesung von Toten nötig,"{'type': 'text/plain', 'language': None, 'base': 'https://partner-feeds.20min.ch/rss/20minuten/zentralschweiz', 'value': 'Exhumierungen werden wegen schlechter Verwesung von Toten nötig'}","[{'rel': 'alternate', 'type': 'text/html', 'href': 'https://www.20min.ch/151312400099'}, {'type': 'image/jpeg', 'href': 'https://cdn.unitycms.io/images/6-aJxpXe4FXABq196D1GEC.jpg?op=ocroped&val=400,400,1000,1000,0,0&sum=dvpPEAopEsE', 'rel': 'enclosure'}]",https://www.20min.ch/151312400099,Der Friedhof Ebikon muss saniert werden. Bei Vorarbeiten sind negative Überraschungen aufgetreten: Der Boden ist an vielen Orten lehmhaltig und enthält Stauwasser. Darum werden Exhumierungen nötig.,"{'type': 'text/html', 'language': None, 'base': 'https://partner-feeds.20min.ch/rss/20minuten/zentralschweiz', 'value': 'Der Friedhof Ebikon muss saniert werden. Bei Vorarbeiten sind negative Überraschungen aufgetreten: Der Boden ist an vielen Orten lehmhaltig und enthält Stauwasser. Darum werden Exhumierungen nötig.'}",https://www.20min.ch/story/exhumierungen-werden-wegen-schlechter-verwesung-von-toten-noetig-151312400099,False,2022-04-28 12:22:17+00:00,"time.struct_time(tm_year=2022, tm_mon=4, tm_mday=28, tm_hour=12, tm_min=22, tm_sec=17, tm_wday=3, tm_yday=118, tm_isdst=0)"
Drogenring schickte mangelhaftes Kokain wieder zum Absender,"{'type': 'text/plain', 'language': None, 'base': 'https://partner-feeds.20min.ch/rss/20minuten/zentralschweiz', 'value': 'Drogenring schickte mangelhaftes Kokain wieder zum Absender'}","[{'rel': 'alternate', 'type': 'text/html', 'href': 'https://www.20min.ch/611974742054'}, {'type': 'image/jpeg', 'href': 'https://cdn.unitycms.io/images/CUFDZOiYaY39msxymG6HMk.jpg?op=ocroped&val=400,400,1000,1000,0,0&sum=FyiSuokeyhU', 'rel': 'enclosure'}]",https://www.20min.ch/611974742054,"Neun Personen wird vorgeworfen, grosse Mengen Kokain und Heroin importiert und in der Zentralschweiz verkauft zu haben. Die Staatsanwaltschaft spricht von einem «grossen Fisch».","{'type': 'text/html', 'language': None, 'base': 'https://partner-feeds.20min.ch/rss/20minuten/zentralschweiz', 'value': 'Neun Personen wird vorgeworfen, grosse Mengen Kokain und Heroin importiert und in der Zentralschweiz verkauft zu haben. Die Staatsanwaltschaft spricht von einem «grossen Fisch».'}",https://www.20min.ch/story/kokain-heroin-100000-fr-und-waffen-polizei-sprengt-drogenring-611974742054,False,2022-04-28 10:07:44+00:00,"time.struct_time(tm_year=2022, tm_mon=4, tm_mday=28, tm_hour=10, tm_min=7, tm_sec=44, tm_wday=3, tm_yday=118, tm_isdst=0)"
Solar-Wohnwagen geht auf Weltreise,"{'type': 'text/plain', 'language': None, 'base': 'https://partner-feeds.20min.ch/rss/20minuten/zentralschweiz', 'value': 'Solar-Wohnwagen geht auf Weltreise'}","[{'rel': 'alternate', 'type': 'text/html', 'href': 'https://www.20min.ch/184964716213'}, {'type': 'image/jpeg', 'href': 'https://cdn.unitycms.io/images/2F6l9h4xaTFAHHjYZvrbtJ.jpg?op=ocroped&val=400,400,1000,1000,0,0&sum=4isJuKZvwAo', 'rel': 'enclosure'}]",https://www.20min.ch/184964716213,"Mit dem Wohnwagen Solar Butterfly wollen Solarpioniere die Welt umrunden. Die Energie dazu liefert der Wohnwagen selbst.
(Video: Gianni Walther)","{'type': 'text/html', 'language': None, 'base': 'https://partner-feeds.20min.ch/rss/20minuten/zentralschweiz', 'value': 'Mit dem Wohnwagen Solar Butterfly wollen Solarpioniere die Welt umrunden. Die Energie dazu liefert der Wohnwagen selbst.\n(Video: Gianni Walther)'}",https://www.20min.ch/video/solar-wohnwagen-geht-auf-weltreise-184964716213,False,2022-04-28 06:02:40+00:00,"time.struct_time(tm_year=2022, tm_mon=4, tm_mday=28, tm_hour=6, tm_min=2, tm_sec=40, tm_wday=3, tm_yday=118, tm_isdst=0)"
"Zuger nerven sich, weil sie beim Vertippen an der Parkuhr gebüsst werden","{'type': 'text/plain', 'language': None, 'base': 'https://partner-feeds.20min.ch/rss/20minuten/zentralschweiz', 'value': 'Zuger nerven sich, weil sie beim Vertippen an der Parkuhr gebüsst werden'}","[{'rel': 'alternate', 'type': 'text/html', 'href': 'https://www.20min.ch/361944042448'}, {'type': 'image/jpeg', 'href': 'https://cdn.unitycms.io/images/7fzbeziDKPm93K-LPAvQB9.jpg?op=ocroped&val=400,400,1000,1000,0,0&sum=pWsxSbuKtUs', 'rel': 'enclosure'}]",https://www.20min.ch/361944042448,"Trotz Bezahlung kann man eine Parkbusse kassieren: Wer in Zug bei digitalen Parkuhren sein Kontrollschild fehlerhaft eintippt, muss mit einer Busse rechnen. Die Ombudsfrau fordert mehr Kulanz.","{'type': 'text/html', 'language': None, 'base': 'https://partner-feeds.20min.ch/rss/20minuten/zentralschweiz', 'value': 'Trotz Bezahlung kann man eine Parkbusse kassieren: Wer in Zug bei digitalen Parkuhren sein Kontrollschild fehlerhaft eintippt, muss mit einer Busse rechnen. Die Ombudsfrau fordert mehr Kulanz.'}",https://www.20min.ch/story/zuger-nerven-sich-weil-sie-beim-vertippen-an-der-parkuhr-gebuesst-werden-361944042448,False,2022-04-27 21:49:44+00:00,"time.struct_time(tm_year=2022, tm_mon=4, tm_mday=27, tm_hour=21, tm_min=49, tm_sec=44, tm_wday=2, tm_yday=117, tm_isdst=0)"
Mann (68) stellt Auto auf abschüssiger Strasse ab – Fahrzeug überrollt Familie,"{'type': 'text/plain', 'language': None, 'base': 'https://partner-feeds.20min.ch/rss/20minuten/zentralschweiz', 'value': 'Mann (68) stellt Auto auf abschüssiger Strasse ab – Fahrzeug überrollt Familie'}","[{'rel': 'alternate', 'type': 'text/html', 'href': 'https://www.20min.ch/506648385824'}, {'type': 'image/jpeg', 'href': 'https://cdn.unitycms.io/images/EmMfrX8c4ub9vyhCLyyn-k.jpg?op=ocroped&val=400,400,1000,1000,0,0&sum=8382UP7tFX8', 'rel': 'enclosure'}]",https://www.20min.ch/506648385824,In Boswil AG ist es am Dienstagabend zu einem tödlichen Unfall gekommen. Ein Vater und zwei Kinder wurden von einem Auto überrollt. Ein Kind (2) erlag seinen Verletzungen im Spital.,"{'type': 'text/html', 'language': None, 'base': 'https://partner-feeds.20min.ch/rss/20minuten/zentralschweiz', 'value': 'In Boswil AG ist es am Dienstagabend zu einem tödlichen Unfall gekommen. Ein Vater und zwei Kinder wurden von einem Auto überrollt. Ein Kind (2) erlag seinen Verletzungen im Spital.'}",https://www.20min.ch/story/fuehrerloses-auto-ueberrollt-vater-und-zwei-kinder-12-jaehriger-tot-506648385824,False,2022-04-27 05:45:47+00:00,"time.struct_time(tm_year=2022, tm_mon=4, tm_mday=27, tm_hour=5, tm_min=45, tm_sec=47, tm_wday=2, tm_yday=117, tm_isdst=0)"
«In freier Wildbahn wäre ein solcher Vorfall nicht passiert»,"{'type': 'text/plain', 'language': None, 'base': 'https://partner-feeds.20min.ch/rss/20minuten/zentralschweiz', 'value': '«In freier Wildbahn wäre ein solcher Vorfall nicht passiert»'}","[{'rel': 'alternate', 'type': 'text/html', 'href': 'https://www.20min.ch/285021164227'}, {'type': 'image/jpeg', 'href': 'https://cdn.unitycms.io/images/DrKfnQxXaOD9W5OfETEarE.jpg?op=ocroped&val=400,400,1000,1000,0,0&sum=EOeWX7P7xts', 'rel': 'enclosure'}]",https://www.20min.ch/285021164227,"Ein Vorfall im Natur- und Tierpark Goldau endete für Bärin Laila (31) tödlich. Der Tierpark nennt das Verhalten des Angreifers «natürlich». Reno Sommerhalder erklärt, wieso dies in der freien Wildbahn nicht passiert wäre.","{'type': 'text/html', 'language': None, 'base': 'https://partner-feeds.20min.ch/rss/20minuten/zentralschweiz', 'value': 'Ein Vorfall im Natur- und Tierpark Goldau endete für Bärin Laila (31) tödlich. Der Tierpark nennt das Verhalten des Angreifers «natürlich». Reno Sommerhalder erklärt, wieso dies in der freien Wildbahn nicht passiert wäre.'}",https://www.20min.ch/story/in-freier-wildbahn-waere-ein-solcher-vorfall-nicht-passiert-285021164227,False,2022-04-27 02:46:01+00:00,"time.struct_time(tm_year=2022, tm_mon=4, tm_mday=27, tm_hour=2, tm_min=46, tm_sec=1, tm_wday=2, tm_yday=117, tm_isdst=0)"
Kanton wollte Mann wegen Unfall nicht einbürgern – jetzt muss er doch,"{'type': 'text/plain', 'language': None, 'base': 'https://partner-feeds.20min.ch/rss/20minuten/zentralschweiz', 'value': 'Kanton wollte Mann wegen Unfall nicht einbürgern – jetzt muss er doch'}","[{'rel': 'alternate', 'type': 'text/html', 'href': 'https://www.20min.ch/783619470685'}, {'type': 'image/jpeg', 'href': 'https://cdn.unitycms.io/images/D6hS-WZ6KcE9wMWD2g8r1j.jpg?op=ocroped&val=400,400,1000,1000,0,0&sum=UCIS2TjzE04', 'rel': 'enclosure'}]",https://www.20min.ch/783619470685,"Weil er einen Autounfall gebaut hatte, verwehrte ihm der Kanton Schwyz die anstehende Einbürgerung. Dagegen ging ein Wirt aus Goldau vor und bekam nun Recht gesprochen: Schwyz muss ihn im Sommer einbürgern – ein Fall mit weitreichenden Konsequenzen.","{'type': 'text/html', 'language': None, 'base': 'https://partner-feeds.20min.ch/rss/20minuten/zentralschweiz', 'value': 'Weil er einen Autounfall gebaut hatte, verwehrte ihm der Kanton Schwyz die anstehende Einbürgerung. Dagegen ging ein Wirt aus Goldau vor und bekam nun Recht gesprochen: Schwyz muss ihn im Sommer einbürgern – ein Fall mit weitreichenden Konsequenzen.'}",https://www.20min.ch/story/gericht-gibt-goldauer-wirt-recht-schwyz-muss-ihn-im-sommer-einbuergern-783619470685,False,2022-04-26 12:56:41+00:00,"time.struct_time(tm_year=2022, tm_mon=4, tm_mday=26, tm_hour=12, tm_min=56, tm_sec=41, tm_wday=1, tm_yday=116, tm_isdst=0)"
Mutter behandelt Tochter mit Keto-Diät anstelle von Medizin,"{'type': 'text/plain', 'language': None, 'base': 'https://partner-feeds.20min.ch/rss/20minuten/zentralschweiz', 'value': 'Mutter behandelt Tochter mit Keto-Diät\xa0anstelle von Medizin'}","[{'rel': 'alternate', 'type': 'text/html', 'href': 'https://www.20min.ch/933490783127'}, {'type': 'image/jpeg', 'href': 'https://cdn.unitycms.io/images/8vtiD7VgaTyBidIjptHs1d.jpg?op=ocroped&val=400,400,1000,1000,0,0&sum=g-caEPcZ6IU', 'rel': 'enclosure'}]",https://www.20min.ch/933490783127,"Mit Medikamenten wollte eine Frau die Epilepsie ihrer Tochter nicht behandeln lassen. Stattdessen setzte sie auf eine Diät, in der vorwiegend Fleisch, Eier und Milchprodukte gegessen werden. Nun wurde sie zu einer Freiheitsstrafe verurteilt.","{'type': 'text/html', 'language': None, 'base': 'https://partner-feeds.20min.ch/rss/20minuten/zentralschweiz', 'value': 'Mit Medikamenten wollte eine Frau die Epilepsie ihrer Tochter nicht behandeln lassen. Stattdessen setzte sie auf eine Diät, in der vorwiegend Fleisch, Eier und Milchprodukte gegessen werden. Nun wurde sie zu einer Freiheitsstrafe verurteilt.'}",https://www.20min.ch/story/mutter-behandelt-tochter-mit-keto-diaet-anstelle-von-medizin-933490783127,False,2022-04-26 02:22:41+00:00,"time.struct_time(tm_year=2022, tm_mon=4, tm_mday=26, tm_hour=2, tm_min=22, tm_sec=41, tm_wday=1, tm_yday=116, tm_isdst=0)"
Betrunkener Autofahrer baut Unfall und beschimpft danach die Polizei,"{'type': 'text/plain', 'language': None, 'base': 'https://partner-feeds.20min.ch/rss/20minuten/zentralschweiz', 'value': 'Betrunkener Autofahrer baut Unfall und beschimpft danach die Polizei'}","[{'rel': 'alternate', 'type': 'text/html', 'href': 'https://www.20min.ch/473945179848'}, {'type': 'image/jpeg', 'href': 'https://cdn.unitycms.io/images/CJ-YhHqoqu2BWP6DMLSsIC.jpg?op=ocroped&val=400,400,1000,1000,0,0&sum=pRK812N6_qo', 'rel': 'enclosure'}]",https://www.20min.ch/473945179848,Zahlreiche Verkehrsunfälle haben die Luzerner Polizei über das Wochenende auf Trab gehalten. Mehrere Autofahrer sind alkoholisiert verunfallt. Ein Autofahrer hatte sich dabei besonders danebenbenommen.,"{'type': 'text/html', 'language': None, 'base': 'https://partner-feeds.20min.ch/rss/20minuten/zentralschweiz', 'value': 'Zahlreiche Verkehrsunfälle haben die Luzerner Polizei über das Wochenende auf Trab gehalten. Mehrere Autofahrer sind alkoholisiert verunfallt. Ein Autofahrer hatte sich dabei besonders danebenbenommen.'}",https://www.20min.ch/story/betrunkener-autofahrer-baut-unfall-und-beschimpft-danach-die-polizei-473945179848,False,2022-04-25 12:05:36+00:00,"time.struct_time(tm_year=2022, tm_mon=4, tm_mday=25, tm_hour=12, tm_min=5, tm_sec=36, tm_wday=0, tm_yday=115, tm_isdst=0)"
Diese Stocker-Tore und Lindner-Paraden vermiesen dem FCZ die Sofa-Party,"{'type': 'text/plain', 'language': None, 'base': 'https://partner-feeds.20min.ch/rss/20minuten/zentralschweiz', 'value': 'Diese Stocker-Tore und Lindner-Paraden vermiesen dem FCZ die Sofa-Party'}","[{'rel': 'alternate', 'type': 'text/html', 'href': 'https://www.20min.ch/546857994902'}, {'type': 'image/jpeg', 'href': 'https://cdn.unitycms.io/images/27MpZJ4BauwBgoaf1Rw5y-.png?op=ocroped&val=400,400,1000,1000,0,0&sum=6EExzyyIxHc', 'rel': 'enclosure'}]",https://www.20min.ch/546857994902,Mit einem 3:0 gegen den FCL verzögert Basel die FCZ-Meisterfeier – zumindest für eine Woche. Mann des Spiels mit zwei Toren: Valentin Stocker. Sein erstes in der dritten Minute ist ein sehenswertes – und fast schon historisch. Alle Tore und Highlights im Video.,"{'type': 'text/html', 'language': None, 'base': 'https://partner-feeds.20min.ch/rss/20minuten/zentralschweiz', 'value': 'Mit einem 3:0 gegen den FCL verzögert Basel die FCZ-Meisterfeier – zumindest für eine Woche. Mann des Spiels mit zwei Toren: Valentin Stocker. Sein erstes in der dritten Minute ist ein sehenswertes – und fast schon historisch. Alle Tore und Highlights im Video.'}",https://www.20min.ch/video/valentin-stockers-100-fcb-tor-ebnet-weg-zu-sieg-gegen-luzern-546857994902,False,2022-04-24 17:43:39+00:00,"time.struct_time(tm_year=2022, tm_mon=4, tm_mday=24, tm_hour=17, tm_min=43, tm_sec=39, tm_wday=6, tm_yday=114, tm_isdst=0)"
25-jähriger Fahrer baut Unfall auf A14 und verschwindet danach,"{'type': 'text/plain', 'language': None, 'base': 'https://partner-feeds.20min.ch/rss/20minuten/zentralschweiz', 'value': '25-jähriger Fahrer baut Unfall auf A14 und verschwindet danach'}","[{'rel': 'alternate', 'type': 'text/html', 'href': 'https://www.20min.ch/957307137767'}, {'type': 'image/jpeg', 'href': 'https://cdn.unitycms.io/images/4tgj_3i34CgBTAx5hWAZU5.jpg?op=ocroped&val=400,400,1000,1000,0,0&sum=iC9Iq2Mv-NA', 'rel': 'enclosure'}]",https://www.20min.ch/957307137767,"Am frühen Sonntagmorgen hat ein alkoholisierter Fahrer für mehrere Meldungen bei der Polizei gesorgt. Noch bevor die Polizisten ihn stoppen konnten, hatte er bereits einen Unfall gebaut. Beim Eintreffen der Patrouille war der Verunfallte allerdings schon nicht mehr vor Ort.","{'type': 'text/html', 'language': None, 'base': 'https://partner-feeds.20min.ch/rss/20minuten/zentralschweiz', 'value': 'Am frühen Sonntagmorgen hat ein alkoholisierter Fahrer für mehrere Meldungen bei der Polizei gesorgt. Noch bevor die Polizisten ihn stoppen konnten, hatte er bereits einen Unfall gebaut. Beim Eintreffen der Patrouille war der Verunfallte allerdings schon nicht mehr vor Ort.'}",https://www.20min.ch/story/25-jaehriger-fahrer-baut-unfall-auf-a14-und-verschwindet-danach-957307137767,False,2022-04-24 13:08:10+00:00,"time.struct_time(tm_year=2022, tm_mon=4, tm_mday=24, tm_hour=13, tm_min=8, tm_sec=10, tm_wday=6, tm_yday=114, tm_isdst=0)"
Aarau bleibt im Aufstiegsrennen – Kriens brilliert mit Mega-Tor,"{'type': 'text/plain', 'language': None, 'base': 'https://partner-feeds.20min.ch/rss/20minuten/zentralschweiz', 'value': 'Aarau bleibt im Aufstiegsrennen – Kriens brilliert mit Mega-Tor'}","[{'rel': 'alternate', 'type': 'text/html', 'href': 'https://www.20min.ch/901783247545'}, {'type': 'image/jpeg', 'href': 'https://cdn.unitycms.io/images/E0VNfxAEKJSByTSuuP_By_.png?op=ocroped&val=400,400,706,707,22,117&sum=xY9PBSetKCU', 'rel': 'enclosure'}]",https://www.20min.ch/901783247545,Aarau bleibt im Aufstiegsrennen dank einem 3:2-Sieg gegen Kriens. Immerhin aus Sicht der Innerschweizer: Das schönste Tor des Spiels erzielte ein Krienser. Alle Highlights und Tore im Video.,"{'type': 'text/html', 'language': None, 'base': 'https://partner-feeds.20min.ch/rss/20minuten/zentralschweiz', 'value': 'Aarau bleibt im Aufstiegsrennen dank einem 3:2-Sieg gegen Kriens. Immerhin aus Sicht der Innerschweizer: Das schönste Tor des Spiels erzielte ein Krienser. Alle Highlights und Tore im Video.'}",https://www.20min.ch/video/aarau-bleibt-im-aufstiegsrennen-kriens-brilliert-mit-mega-tor-901783247545,False,2022-04-23 21:31:18+00:00,"time.struct_time(tm_year=2022, tm_mon=4, tm_mday=23, tm_hour=21, tm_min=31, tm_sec=18, tm_wday=5, tm_yday=113, tm_isdst=0)"
Nach Zusammenstoss – Töffli-Community entschuldigt sich bei Prügel-Security,"{'type': 'text/plain', 'language': None, 'base': 'https://partner-feeds.20min.ch/rss/20minuten/zentralschweiz', 'value': 'Nach Zusammenstoss – Töffli-Community entschuldigt sich bei Prügel-Security'}","[{'rel': 'alternate', 'type': 'text/html', 'href': 'https://www.20min.ch/261492870875'}, {'type': 'image/jpeg', 'href': 'https://cdn.unitycms.io/images/3QGEgStgq4s9gUXI4mT6Rn.png?op=ocroped&val=400,400,636,747,0,161&sum=yAfP74f4pWE', 'rel': 'enclosure'}]",https://www.20min.ch/261492870875,Bei einem Töffli-Treff kam es nach Auseinandersetzungen zu einem Zusammenstoss zwischen einem Sicherheitsmann und einem Töfflifahrer. Ein Töfflifahrer entschuldigt sich nun im Namen der Töffli-Community.,"{'type': 'text/html', 'language': None, 'base': 'https://partner-feeds.20min.ch/rss/20minuten/zentralschweiz', 'value': 'Bei einem Töffli-Treff kam es nach Auseinandersetzungen zu einem Zusammenstoss zwischen einem Sicherheitsmann und einem Töfflifahrer. Ein Töfflifahrer entschuldigt sich nun im Namen der Töffli-Community.'}",https://www.20min.ch/story/toefflifahrer-und-security-schaukelten-sich-gegenseitig-hoch-261492870875,False,2022-04-22 14:07:43+00:00,"time.struct_time(tm_year=2022, tm_mon=4, tm_mday=22, tm_hour=14, tm_min=7, tm_sec=43, tm_wday=4, tm_yday=112, tm_isdst=0)"
16-Jährige gingen mit geklauter Autonummer auf Strolchenfahrt,"{'type': 'text/plain', 'language': None, 'base': 'https://partner-feeds.20min.ch/rss/20minuten/zentralschweiz', 'value': '16-Jährige gingen mit geklauter Autonummer auf Strolchenfahrt'}","[{'rel': 'alternate', 'type': 'text/html', 'href': 'https://www.20min.ch/897536422260'}, {'type': 'image/jpeg', 'href': 'https://cdn.unitycms.io/images/3-6RbdwNaVo8DZ3xF7CYYw.jpg?op=ocroped&val=400,400,539,557,224,214&sum=7ZaGRHiUYw4', 'rel': 'enclosure'}]",https://www.20min.ch/897536422260,"Verbrechen, Unfälle und Fahndungen: Die neuesten Polizeimeldungen aus der Zentralschweiz.","{'type': 'text/html', 'language': None, 'base': 'https://partner-feeds.20min.ch/rss/20minuten/zentralschweiz', 'value': 'Verbrechen, Unfälle und Fahndungen: Die neuesten Polizeimeldungen aus der Zentralschweiz.'}",https://www.20min.ch/story/polizei-deckt-grosse-cannabis-plantage-auf-897536422260,False,2022-04-22 11:49:53+00:00,"time.struct_time(tm_year=2022, tm_mon=4, tm_mday=22, tm_hour=11, tm_min=49, tm_sec=53, tm_wday=4, tm_yday=112, tm_isdst=0)"
Bären greifen einander an – Bärin Laila (31) musste eingeschläfert werden,"{'type': 'text/plain', 'language': None, 'base': 'https://partner-feeds.20min.ch/rss/20minuten/zentralschweiz', 'value': 'Bären greifen einander an – Bärin Laila (31) musste eingeschläfert werden'}","[{'rel': 'alternate', 'type': 'text/html', 'href': 'https://www.20min.ch/327776054215'}, {'type': 'image/jpeg', 'href': 'https://cdn.unitycms.io/images/9eykISHjKtF8tybPpXZaL4.jpg?op=ocroped&val=400,400,1000,1000,0,0&sum=HKp_gXr_d3U', 'rel': 'enclosure'}]",https://www.20min.ch/327776054215,Im Natur- und Tierpark in Goldau ist es am Donnerstag zu einem Zwischenfall gekommen. Zwei Syrische Braunbären sind aneinander geraten. Eine Bärin musste eingeschläfert werden.,"{'type': 'text/html', 'language': None, 'base': 'https://partner-feeds.20min.ch/rss/20minuten/zentralschweiz', 'value': 'Im Natur- und Tierpark in Goldau ist es am Donnerstag zu einem Zwischenfall gekommen. Zwei Syrische Braunbären sind aneinander geraten. Eine Bärin musste eingeschläfert werden.'}",https://www.20min.ch/story/baeren-greifen-einander-an-baerin-laila-31-musste-eingeschlaefert-werden-327776054215,False,2022-04-22 09:33:46+00:00,"time.struct_time(tm_year=2022, tm_mon=4, tm_mday=22, tm_hour=9, tm_min=33, tm_sec=46, tm_wday=4, tm_yday=112, tm_isdst=0)"
Junge Grüne entlarven Fehler der FDP und Mitte zur Klimastrategie,"{'type': 'text/plain', 'language': None, 'base': 'https://partner-feeds.20min.ch/rss/20minuten/zentralschweiz', 'value': 'Junge Grüne entlarven Fehler der FDP und Mitte zur Klimastrategie'}","[{'rel': 'alternate', 'type': 'text/html', 'href': 'https://www.20min.ch/148964579258'}, {'type': 'image/jpeg', 'href': 'https://cdn.unitycms.io/images/DVZstJc_qn9A8ojAK4D9Kk.jpg?op=ocroped&val=400,400,1000,1000,0,0&sum=1iJgP0_3J68', 'rel': 'enclosure'}]",https://www.20min.ch/148964579258,"Nach zähem Ringen um die Klima- und Energiestrategie haben die FDP und die Mitte gemeinsam das Referendum ergriffen. Noch bis am 27. April läuft die Sammlung der Unterschriften. Dumm nur, dass die Jungen Grünen einen Fehler im Referendumstext entdeckt haben.","{'type': 'text/html', 'language': None, 'base': 'https://partner-feeds.20min.ch/rss/20minuten/zentralschweiz', 'value': 'Nach zähem Ringen um die Klima- und Energiestrategie haben die FDP und die Mitte gemeinsam das Referendum ergriffen. Noch bis am 27. April läuft die Sammlung der Unterschriften. Dumm nur, dass die Jungen Grünen einen Fehler im Referendumstext entdeckt haben.'}",https://www.20min.ch/story/junge-gruene-entlarven-fehler-der-fdp-und-mitte-zur-klimastrategie-148964579258,False,2022-04-22 02:42:43+00:00,"time.struct_time(tm_year=2022, tm_mon=4, tm_mday=22, tm_hour=2, tm_min=42, tm_sec=43, tm_wday=4, tm_yday=112, tm_isdst=0)"
Nach 1083 Tagen Pause startet am Freitag die Luga,"{'type': 'text/plain', 'language': None, 'base': 'https://partner-feeds.20min.ch/rss/20minuten/zentralschweiz', 'value': 'Nach 1083 Tagen Pause startet am Freitag die Luga'}","[{'rel': 'alternate', 'type': 'text/html', 'href': 'https://www.20min.ch/737259969043'}, {'type': 'image/jpeg', 'href': 'https://cdn.unitycms.io/images/9bYRka_NqEJAH-yZg-TH7A.jpg?op=ocroped&val=400,400,775,796,102,100&sum=iYTuYcVtH8c', 'rel': 'enclosure'}]",https://www.20min.ch/737259969043,Wegen Corona musste die Luga in den vergangenen zwei Jahren eine Zwangspause einlegen. Am Freitag gehts nun aber wieder los: 380 Aussteller und weitere Attraktionen stehen bereit.,"{'type': 'text/html', 'language': None, 'base': 'https://partner-feeds.20min.ch/rss/20minuten/zentralschweiz', 'value': 'Wegen Corona musste die Luga in den vergangenen zwei Jahren eine Zwangspause einlegen. Am Freitag gehts nun aber wieder los: 380 Aussteller und weitere Attraktionen stehen bereit.'}",https://www.20min.ch/story/nach-1083-tagen-pause-startet-am-freitag-die-luga-737259969043,False,2022-04-21 14:17:58+00:00,"time.struct_time(tm_year=2022, tm_mon=4, tm_mday=21, tm_hour=14, tm_min=17, tm_sec=58, tm_wday=3, tm_yday=111, tm_isdst=0)"
Gartenschläfer wird nach fast 50 Jahren in Oberiberg fotografiert,"{'type': 'text/plain', 'language': None, 'base': 'https://partner-feeds.20min.ch/rss/20minuten/zentralschweiz', 'value': 'Gartenschläfer wird nach fast 50 Jahren in Oberiberg\xa0fotografiert'}","[{'rel': 'alternate', 'type': 'text/html', 'href': 'https://www.20min.ch/331715872873'}, {'type': 'image/jpeg', 'href': 'https://cdn.unitycms.io/images/4BA3ldUkaV68DcdpzmdnSo.jpg?op=ocroped&val=400,400,1000,1000,0,0&sum=gHGT5k6ROcM', 'rel': 'enclosure'}]",https://www.20min.ch/331715872873,"Gartenschläfer sind kaum sichtbar und darum ist auch nicht bekannt, wie viele dieser Tiere in der Schweiz leben. Eines dieser raren Jungtiere wurde erstmals seit 1976 in Oberiberg fotografiert.","{'type': 'text/html', 'language': None, 'base': 'https://partner-feeds.20min.ch/rss/20minuten/zentralschweiz', 'value': 'Gartenschläfer sind kaum sichtbar und darum ist auch nicht bekannt, wie viele dieser Tiere in der Schweiz leben. Eines dieser raren Jungtiere wurde erstmals seit 1976 in Oberiberg fotografiert.'}",https://www.20min.ch/story/gartenschlaefer-wird-nach-fast-50-jahren-in-oberiberg-fotografiert-331715872873,False,2022-04-21 02:37:41+00:00,"time.struct_time(tm_year=2022, tm_mon=4, tm_mday=21, tm_hour=2, tm_min=37, tm_sec=41, tm_wday=3, tm_yday=111, tm_isdst=0)"
